task_name,task_family,id,definition,inputs,targets
task761_app_review_classification,Sentiment Analysis,task761-d2533f5134684afaa04e812d0b70625f,"In this task, you are given an app review. Your task is to identify whether its sentiment is ""Positive"" or ""Negative"".",Doesnt work on s3.,Negative
task761_app_review_classification,Sentiment Analysis,task761-ca8188acff104a1596a2eb8a3f5e3b52,"In this task, you are given an app review. Your task is to identify whether its sentiment is ""Positive"" or ""Negative"".",So far so good,Positive
task761_app_review_classification,Sentiment Analysis,task761-3c0bf92aeca344f0b92ab43056faf83d,"In this task, you are given an app review. Your task is to identify whether its sentiment is ""Positive"" or ""Negative"".",Doesn't work Using s galaxy note 4.phone on charge and widget is not picking up the charger,Negative
task761_app_review_classification,Sentiment Analysis,task761-0c5710d8751741e2a46bf659a12a0447,"In this task, you are given an app review. Your task is to identify whether its sentiment is ""Positive"" or ""Negative"".",The real deal Outstanding,Positive
task761_app_review_classification,Sentiment Analysis,task761-45368d23eae94d0aba724637e7fd5ab9,"In this task, you are given an app review. Your task is to identify whether its sentiment is ""Positive"" or ""Negative"".",Shows a draw of 1 mA at best  or 0mA most of the time.,Negative
task761_app_review_classification,Sentiment Analysis,task761-4f5ab690d64c457b958821a41484cede,"In this task, you are given an app review. Your task is to identify whether its sentiment is ""Positive"" or ""Negative"".",Support Doesn't work on lollipop 5.1.,Negative
task761_app_review_classification,Sentiment Analysis,task761-eb0d966135594169a858e715c1041e44,"In this task, you are given an app review. Your task is to identify whether its sentiment is ""Positive"" or ""Negative"".",Great Almost perfect App. Sadly uses too much battery  but I think that's because of the Quassel Protocol.,Positive
task761_app_review_classification,Sentiment Analysis,task761-db4b3e35b6fd4efbb5db63d7baee50ff,"In this task, you are given an app review. Your task is to identify whether its sentiment is ""Positive"" or ""Negative"".",Not working Not working at oppo. Saying source not available for hr,Negative
task761_app_review_classification,Sentiment Analysis,task761-dd547f13a8324e7a9be3e498cfbdb85c,"In this task, you are given an app review. Your task is to identify whether its sentiment is ""Positive"" or ""Negative"".",Doesn't work Doesn't work with my GS5,Negative
task761_app_review_classification,Sentiment Analysis,task761-37007463a8664a4e9b896b4f4db2f73e,"In this task, you are given an app review. Your task is to identify whether its sentiment is ""Positive"" or ""Negative"".",Doesn't even connect. Just returns invalid username/password,Negative
task761_app_review_classification,Sentiment Analysis,task761-1a6a5b80076348b4a3d4a3d608bed73d,"In this task, you are given an app review. Your task is to identify whether its sentiment is ""Positive"" or ""Negative"".",Updated and Now Doesn't Work Used to work fine on my Samsung S3  but since update doesn't work at all.,Negative
task761_app_review_classification,Sentiment Analysis,task761-7507c7ea111845739e3d04bc2afcd6ac,"In this task, you are given an app review. Your task is to identify whether its sentiment is ""Positive"" or ""Negative"".",Please remove from Google play Does not work. No reviews from 2014. No updates. Outdated.,Negative
task761_app_review_classification,Sentiment Analysis,task761-3300365ded734eacb87282b57bc11965,"In this task, you are given an app review. Your task is to identify whether its sentiment is ""Positive"" or ""Negative"".",Awesome Works great and does exactly what I need it to do,Positive
task761_app_review_classification,Sentiment Analysis,task761-9a6b5e60eee34a8aba4e86f28364d623,"In this task, you are given an app review. Your task is to identify whether its sentiment is ""Positive"" or ""Negative"".",Sweet Pick your source device in settings. Default is hackrf. May need driver as well,Positive
task761_app_review_classification,Sentiment Analysis,task761-7ca09ed76289422b8b2c14d3b2587bed,"In this task, you are given an app review. Your task is to identify whether its sentiment is ""Positive"" or ""Negative"".",Works well with my Hackrf Hopefully new updates will arrive for extra functions,Positive
task761_app_review_classification,Sentiment Analysis,task761-9018e84b3ea34606adfb31987a70f1ff,"In this task, you are given an app review. Your task is to identify whether its sentiment is ""Positive"" or ""Negative"".",Don't show anything. Not 1 # was shown,Negative
task761_app_review_classification,Sentiment Analysis,task761-e26535a9dc2f46e0a8e826614a426e69,"In this task, you are given an app review. Your task is to identify whether its sentiment is ""Positive"" or ""Negative"".",Waste,Negative
task761_app_review_classification,Sentiment Analysis,task761-2a0c5a1c1df349be950b55167d8f689f,"In this task, you are given an app review. Your task is to identify whether its sentiment is ""Positive"" or ""Negative"".",awesome app  seems stable and runs well on Note 4 with RLT-SDR  can't wait to try it out on the HackRF One. Happy to support the developer!,Positive
task761_app_review_classification,Sentiment Analysis,task761-7d01d47c651844108a9f5798986457fa,"In this task, you are given an app review. Your task is to identify whether its sentiment is ""Positive"" or ""Negative"".",Stopped working,Negative
task761_app_review_classification,Sentiment Analysis,task761-28d79b0bacad42e4bd7088655b28cd15,"In this task, you are given an app review. Your task is to identify whether its sentiment is ""Positive"" or ""Negative"".",Nothing worked. Blank screen.,Negative
task761_app_review_classification,Sentiment Analysis,task761-827a63e7fa504a74b5b3498da4765b2f,"In this task, you are given an app review. Your task is to identify whether its sentiment is ""Positive"" or ""Negative"".",Updates? Hasn't been updated in a long time (2014) and appears to break in Android N. Unfortunately it appears this is the only quassel client for Android.,Negative
task761_app_review_classification,Sentiment Analysis,task761-3e6919d10d3646bab9804514b67f7360,"In this task, you are given an app review. Your task is to identify whether its sentiment is ""Positive"" or ""Negative"".",Great client. One request: Make back key open the channel list on first click. Would be more useful than just popping up a message telling me to click again to quit. Could still quit on second click.,Positive
task761_app_review_classification,Sentiment Analysis,task761-b0bdde6e445c48e69fa412e395ce1cb7,"In this task, you are given an app review. Your task is to identify whether its sentiment is ""Positive"" or ""Negative"".",Exactly what I was looking for! I needed to read notifications without playing them over the speaker  only over the headset. Perfect when I am driving. And being able to choose it to play over the media channel instead of notification really did the trick. Thanks!,Positive
task761_app_review_classification,Sentiment Analysis,task761-ea3b17ca8879469188f67d36235264f8,"In this task, you are given an app review. Your task is to identify whether its sentiment is ""Positive"" or ""Negative"".",Awesome work - thanks for open sourcing! So happy to discover this project. Thank you so much for the first GPL open source Android sdr spectrum explorer I've seen. Very exciting. It's also great that you've made it easy to put a $ in the tip jar via the app store. I'm really jazzed about RF Explorer! Keep up the great work! Other features it would be wonderful to see in future versions (these would be icing on the cake!): - DC offset correction - Audio gain control - (maybe even audio spectrum display?),Positive
task761_app_review_classification,Sentiment Analysis,task761-e888e03bc86a4ffebe39fb77ba14d9ba,"In this task, you are given an app review. Your task is to identify whether its sentiment is ""Positive"" or ""Negative"".",Great application Work's well with my ZenFone 5,Positive
task761_app_review_classification,Sentiment Analysis,task761-ff4ed092cf6b4a3d9b3aefb09a9ff101,"In this task, you are given an app review. Your task is to identify whether its sentiment is ""Positive"" or ""Negative"".",good very nice,Positive
task761_app_review_classification,Sentiment Analysis,task761-d06083a5d1664330b58542fa2d309288,"In this task, you are given an app review. Your task is to identify whether its sentiment is ""Positive"" or ""Negative"".",Does not work on htc Can't be started on htc one m8,Negative
task761_app_review_classification,Sentiment Analysis,task761-7da2bc0ad2e846669d7a5477dcc46775,"In this task, you are given an app review. Your task is to identify whether its sentiment is ""Positive"" or ""Negative"".",Just says 0 Doesnt work for me.,Negative
task761_app_review_classification,Sentiment Analysis,task761-a21b41982f0d4c28943d57f932918a13,"In this task, you are given an app review. Your task is to identify whether its sentiment is ""Positive"" or ""Negative"".",Unworking for Samsung S7 Edge Please fix it as i am your loyal user since Samsung S4 asap,Negative
task761_app_review_classification,Sentiment Analysis,task761-0d4faad282544176a1e3d03e58d204e1,"In this task, you are given an app review. Your task is to identify whether its sentiment is ""Positive"" or ""Negative"".",LOL @Video Crew  this is a LOG VIEWER and is unable to delete any settings from your phone.,Positive
task761_app_review_classification,Sentiment Analysis,task761-8c039fdfa25143d9a93655f6088c81dd,"In this task, you are given an app review. Your task is to identify whether its sentiment is ""Positive"" or ""Negative"".",Scam. Showed 1800 mA on my Galaxy S5 even though it was on a 1.0A charger. With how many ads this thing displays  I'm pretty sure it's a scam app.,Negative
task761_app_review_classification,Sentiment Analysis,task761-9f740df6b3e040ba95bb767b5f403440,"In this task, you are given an app review. Your task is to identify whether its sentiment is ""Positive"" or ""Negative"".",Really it's very nice for notification. .. I love it. .thanks,Positive
task761_app_review_classification,Sentiment Analysis,task761-1d19ef3ba72e496db8be9d0811348766,"In this task, you are given an app review. Your task is to identify whether its sentiment is ""Positive"" or ""Negative"".",Fantastic!!! ? I have found what am looking for  in these years I have tried so many apps but this is bomb ? the app of the century friends I advise you all to go for this super app.,Positive
task761_app_review_classification,Sentiment Analysis,task761-00bb0dfcc9ac42279faa9bddce8b1e5b,"In this task, you are given an app review. Your task is to identify whether its sentiment is ""Positive"" or ""Negative"".",Doesn't work This app doesn't work on Yu Yureka. It didn't show the current in mAh.....,Negative
task761_app_review_classification,Sentiment Analysis,task761-29fca49b5d7643f0a77665109f5bb51a,"In this task, you are given an app review. Your task is to identify whether its sentiment is ""Positive"" or ""Negative"".",Worst app Didn't work,Negative
task761_app_review_classification,Sentiment Analysis,task761-80497cd6e572417086e5ba7ee17d0b84,"In this task, you are given an app review. Your task is to identify whether its sentiment is ""Positive"" or ""Negative"".",You cant use Android without even debugging it You cant use Android without even debugging it  could you? Helps tracking down bugs.,Positive
task761_app_review_classification,Sentiment Analysis,task761-6e398b0f4ab640d4b326754f1180f978,"In this task, you are given an app review. Your task is to identify whether its sentiment is ""Positive"" or ""Negative"".",Best app I don't think there a better working app. Ignore text is good feature.,Positive
task761_app_review_classification,Sentiment Analysis,task761-592e47f27f7a4ccb8c710de4f0b65b49,"In this task, you are given an app review. Your task is to identify whether its sentiment is ""Positive"" or ""Negative"".",I think it would be neat if there were to be a wifi analysis tool built in which would overlay a spectrum analysis with access points and channels.,Positive
task761_app_review_classification,Sentiment Analysis,task761-35965121917e408d8e5636154ccae7e5,"In this task, you are given an app review. Your task is to identify whether its sentiment is ""Positive"" or ""Negative"".",Best App.,Positive
task761_app_review_classification,Sentiment Analysis,task761-0986d9320ea84db4ba2b18116ead7993,"In this task, you are given an app review. Your task is to identify whether its sentiment is ""Positive"" or ""Negative"".",Doesnt work on Note 4 It show me the Mah anywhere,Negative
task761_app_review_classification,Sentiment Analysis,task761-172791d41c454e66b3d4ddb6609bcc29,"In this task, you are given an app review. Your task is to identify whether its sentiment is ""Positive"" or ""Negative"".",Current widget Could set options  but no display of values. Galaxy S5,Negative
task761_app_review_classification,Sentiment Analysis,task761-5bc0a9ec424b480ab811bef76c9e06f8,"In this task, you are given an app review. Your task is to identify whether its sentiment is ""Positive"" or ""Negative"".",Description about Internet access is a lie. This app connects to the Internet even at its first start  doing many connections to Amazon servers. And also doesn't show any log  not even its own log  without root. Another bad XDA sponsored project.,Negative
task761_app_review_classification,Sentiment Analysis,task761-9c1327a8adec4e8e97c4d94535ae9169,"In this task, you are given an app review. Your task is to identify whether its sentiment is ""Positive"" or ""Negative"".",Doesn't work Shows only voltage no amps,Negative
task761_app_review_classification,Sentiment Analysis,task761-c897777aea2b465c893669d0e034b1c5,"In this task, you are given an app review. Your task is to identify whether its sentiment is ""Positive"" or ""Negative"".",Works great,Positive
task761_app_review_classification,Sentiment Analysis,task761-536a5aaa718148b9bb277ab105022ba5,"In this task, you are given an app review. Your task is to identify whether its sentiment is ""Positive"" or ""Negative"".",Full featured and just Excellent !!!,Positive
task761_app_review_classification,Sentiment Analysis,task761-9abbfb74651d4f5ea6c492ae53d5fdc2,"In this task, you are given an app review. Your task is to identify whether its sentiment is ""Positive"" or ""Negative"".","Does not work. Does not work on android 7.0  I get a """"""""""""""""""""""""""""""""failed to load certificate"""""""""""""""""""""""""""""""" error.""""",Negative
task761_app_review_classification,Sentiment Analysis,task761-0a97508bfe2444bf9ce8097f966193ab,"In this task, you are given an app review. Your task is to identify whether its sentiment is ""Positive"" or ""Negative"".",Great app! Works flawlessly on my Samsung galaxy S5.,Positive
task761_app_review_classification,Sentiment Analysis,task761-a271b740faa64dcf8e26b71c4a8a1dae,"In this task, you are given an app review. Your task is to identify whether its sentiment is ""Positive"" or ""Negative"".",extremely perfect,Positive
task761_app_review_classification,Sentiment Analysis,task761-de27f378356d425cb67e6535a5f54c07,"In this task, you are given an app review. Your task is to identify whether its sentiment is ""Positive"" or ""Negative"".",Does not work OPPO Find7 Color OS 2.1.1i beta.,Negative
task761_app_review_classification,Sentiment Analysis,task761-3fa4d5520c594c269cb6b3c362c9073d,"In this task, you are given an app review. Your task is to identify whether its sentiment is ""Positive"" or ""Negative"".",No Does not work on nexus 4,Negative
task761_app_review_classification,Sentiment Analysis,task761-d6183f6a221a487fbf8ae0882e7a2fb5,"In this task, you are given an app review. Your task is to identify whether its sentiment is ""Positive"" or ""Negative"".",Yet another battery app that always reports the current as a positive value. The problem is that it is common for a device to be discharging when connected to a low power adapter (or cheap cable) because the device is using more current than is being provided. Under those conditions CurrentWidget reports a charging current when it is in fact a discharging current. So far the only app I've found that gets it right is GSAM. Unfortunately  the GSAM widget updates very slowly.,Negative
task761_app_review_classification,Sentiment Analysis,task761-6395d32c392f4f1d85e9a9e60521fa35,"In this task, you are given an app review. Your task is to identify whether its sentiment is ""Positive"" or ""Negative"".",Core<->IRC disconnects can crash app. Overall much better than Windows app! I've also installed the beta APK from F-Droid and can confirm the auto-reconnect works great. Side bonus: material design!,Positive
task761_app_review_classification,Sentiment Analysis,task761-ef2bf0165a89402db32ab98bf7ef991f,"In this task, you are given an app review. Your task is to identify whether its sentiment is ""Positive"" or ""Negative"".",Additional info Used it w/RTL-SDR (R820T) on my phone (Moto G) also and it works great there too. I already had FM on this phone and now have NWS  taxis  Aviation  Marine  etc. Hopefully scanner update soon. Love it! Have it also on my new Chuwi HI8 dual-mode tablet so you can add that to the list ,Positive
task761_app_review_classification,Sentiment Analysis,task761-907d305b994a4498a3a4a6ae3af01f94,"In this task, you are given an app review. Your task is to identify whether its sentiment is ""Positive"" or ""Negative"".",annoying It uses the voice feedback for the visually impared so EVERYTHING you do or touch on your phone gets read out not just notifications.,Negative
task761_app_review_classification,Sentiment Analysis,task761-a39819aaf87b420a917ca169097ed99c,"In this task, you are given an app review. Your task is to identify whether its sentiment is ""Positive"" or ""Negative"".",Worst app. It doesn't work at all,Negative
task761_app_review_classification,Sentiment Analysis,task761-ef95be653eb54975ad016e1f7e740bbd,"In this task, you are given an app review. Your task is to identify whether its sentiment is ""Positive"" or ""Negative"".",Superb on Tesco Hudl 2 Worked first time with RTL dongle and pre-installed driver from Martin Marinov,Positive
task761_app_review_classification,Sentiment Analysis,task761-d3d2abd0ab884860aa28d3d0631d0a3d,"In this task, you are given an app review. Your task is to identify whether its sentiment is ""Positive"" or ""Negative"".",I'll forgo the refund. But no go with Watson dongle... Nexus 9. Yet to try on Nexus 6p. So very disappointed!!! :-(,Negative
task761_app_review_classification,Sentiment Analysis,task761-eaecdc0b49d24a6aa2913d7f1cb63fc1,"In this task, you are given an app review. Your task is to identify whether its sentiment is ""Positive"" or ""Negative"".",cool and friendly,Positive
task761_app_review_classification,Sentiment Analysis,task761-8f684ad7458649dfb4a3594c9d2eb609,"In this task, you are given an app review. Your task is to identify whether its sentiment is ""Positive"" or ""Negative"".",the best notifier of all time Moto e 2gen.,Positive
task761_app_review_classification,Sentiment Analysis,task761-6622173a92194ff6b5af5fa70ffd33d4,"In this task, you are given an app review. Your task is to identify whether its sentiment is ""Positive"" or ""Negative"".",Do not ever install this app I like to never fixed my phone,Negative
task761_app_review_classification,Sentiment Analysis,task761-dc2ed9fbaa2c405fad6a63764e2a6d01,"In this task, you are given an app review. Your task is to identify whether its sentiment is ""Positive"" or ""Negative"".",Very good I can at least tweak it to my own needs. I now got rid of my previous  similar  app. Thanks,Positive
task761_app_review_classification,Sentiment Analysis,task761-d864e860739547378ce8fa60ac24467e,"In this task, you are given an app review. Your task is to identify whether its sentiment is ""Positive"" or ""Negative"".",Useful and effective  though I think the input widget could use a bit of work.,Positive
task761_app_review_classification,Sentiment Analysis,task761-a98480f4f51846778ddcfa84e4582a83,"In this task, you are given an app review. Your task is to identify whether its sentiment is ""Positive"" or ""Negative"".",Awsome App! Easy to use  works great on Notes w / Realtek dongle.,Positive
task761_app_review_classification,Sentiment Analysis,task761-57b9f95b87924e0cafac526117992cb0,"In this task, you are given an app review. Your task is to identify whether its sentiment is ""Positive"" or ""Negative"".",Excellent job This app works great. No head aches   no yelling. I followed the instructions  downloaded the driver. My rtlsdr worked not a single problem. I can't get any rtlsdr to work on my desk tops. Thank you oh great one!,Positive
task761_app_review_classification,Sentiment Analysis,task761-5c592de980564682982cf4046193a484,"In this task, you are given an app review. Your task is to identify whether its sentiment is ""Positive"" or ""Negative"".","""""No data"""""""""""""""""""""""""""""""" after upgrading to Android N CurrentWidget have served me well for a long time. However  after a system upgrade to Android N the widget just tells me """"""""""""""""""""""""""""""""no data"""""""""""""""""""""""""""""""" when I try to read charge or discharge current. So as of now it's unusable  but hopefully a fix is on its way.""""",Negative
task761_app_review_classification,Sentiment Analysis,task761-2d30e523ac2547308e01e683dd91b91d,"In this task, you are given an app review. Your task is to identify whether its sentiment is ""Positive"" or ""Negative"".",Awesome app Has never really let me down. Couple it with an app that shoots audio straight to your headphones  and you can enjoy your day with minimal phone checking.,Positive
task761_app_review_classification,Sentiment Analysis,task761-044ea015c94c46e38000519aff492be5,"In this task, you are given an app review. Your task is to identify whether its sentiment is ""Positive"" or ""Negative"".",Great!,Positive
task761_app_review_classification,Sentiment Analysis,task761-d5928c4d1fc7489cbf7a3bdcec3b2ad6,"In this task, you are given an app review. Your task is to identify whether its sentiment is ""Positive"" or ""Negative"".",Widget won't even open So I read all the instructions  but when I go to add the widget to my home screen a settings box opens up  and I can mess with all the settings  but there's nothing to indicate how to be done with the settings  or apply the changes  and hitting the back button or home button closes the settings and there is no widget on the home screen.,Negative
task761_app_review_classification,Sentiment Analysis,task761-9c5eb757d8e64940b52a5d378831174d,"In this task, you are given an app review. Your task is to identify whether its sentiment is ""Positive"" or ""Negative"".",Does not work on Lollipop Nexus 4&7 Worked perfectly on Android KitKat on Nexus devices perfectly. Hope developer addresses this.,Negative
task761_app_review_classification,Sentiment Analysis,task761-58e53488ae334b4daa51c8f6e2849393,"In this task, you are given an app review. Your task is to identify whether its sentiment is ""Positive"" or ""Negative"".",Love to use it Awesome app very useful,Positive
task761_app_review_classification,Sentiment Analysis,task761-772c0d05468c43418d064a312961705e,"In this task, you are given an app review. Your task is to identify whether its sentiment is ""Positive"" or ""Negative"".",Great app Announces over Bluetooth. Announces data warnings. Can sit the phone on the coffee table (or wherever) and it tells you what your phone is getting.,Positive
task761_app_review_classification,Sentiment Analysis,task761-d6967fd8e5bc4d97b67a3218aa766eef,"In this task, you are given an app review. Your task is to identify whether its sentiment is ""Positive"" or ""Negative"".","No Data keeps showing """"""""""""""""""""""""""""""""no data"""""""""""""""""""""""""""""""" even after refreshing multiple times...""""",Negative
task761_app_review_classification,Sentiment Analysis,task761-b59aeee21c664d7dbb0faaf2598febe8,"In this task, you are given an app review. Your task is to identify whether its sentiment is ""Positive"" or ""Negative"".",Bill1959 Awesome,Positive
task761_app_review_classification,Sentiment Analysis,task761-91fa097c70a844f2969237ddd9699c5b,"In this task, you are given an app review. Your task is to identify whether its sentiment is ""Positive"" or ""Negative"".",Good and usefull,Positive
task761_app_review_classification,Sentiment Analysis,task761-eae311fe43984d20a73ceb5fae5d0893,"In this task, you are given an app review. Your task is to identify whether its sentiment is ""Positive"" or ""Negative"".",Doesn't read amps No real status bar options,Negative
task761_app_review_classification,Sentiment Analysis,task761-36ea20642dcc4965887b1d812166618d,"In this task, you are given an app review. Your task is to identify whether its sentiment is ""Positive"" or ""Negative"".",Worst,Negative
task761_app_review_classification,Sentiment Analysis,task761-2b9a670aa79449f08bf9d2db6341a264,"In this task, you are given an app review. Your task is to identify whether its sentiment is ""Positive"" or ""Negative"".",Doesn't work at all. Worked fine on my Galaxy s4. Doesn't work at all on my new Note 5. Widget won't stick. Drag the widget where you want it  options screen comes up. Set options  close and the widget disappears.,Negative
task761_app_review_classification,Sentiment Analysis,task761-7f741088b0cd415db2cd17e97baac040,"In this task, you are given an app review. Your task is to identify whether its sentiment is ""Positive"" or ""Negative"".",Not working... Useless... Not working on Galaxy S4.,Negative
task761_app_review_classification,Sentiment Analysis,task761-666ae75c44434a78bf32529b6266be34,"In this task, you are given an app review. Your task is to identify whether its sentiment is ""Positive"" or ""Negative"".",Great update! Really nice UI  and now is possible to see even hidden channels. I've missed that before. Thanks!,Positive
task761_app_review_classification,Sentiment Analysis,task761-a44ce95c61f94975ba2f40d11753b362,"In this task, you are given an app review. Your task is to identify whether its sentiment is ""Positive"" or ""Negative"".",This version (0.9.8) is terribly outdated. I did not notice until it stopped working after the Android 7 update. The version on F-Droid (0.11.7) works  has an updated interface and also features automatic reconnection.,Positive
task761_app_review_classification,Sentiment Analysis,task761-12cb0a3af66d404babcf1e95743dcd41,"In this task, you are given an app review. Your task is to identify whether its sentiment is ""Positive"" or ""Negative"".",Nice Its real koo,Positive
task761_app_review_classification,Sentiment Analysis,task761-d64a0ee818044f51bb810529a24d8272,"In this task, you are given an app review. Your task is to identify whether its sentiment is ""Positive"" or ""Negative"".",Modifies web browser Immediately after installing this I found my web pages in Dolphin (default browser) covered with those annoying double underlined spam links. Immediately after removing the app the links went away. I don't mind in app advertising or splash screens but don't hijack my browser!,Negative
task761_app_review_classification,Sentiment Analysis,task761-5fe079ff7870402ea4f5c403e11c5f8f,"In this task, you are given an app review. Your task is to identify whether its sentiment is ""Positive"" or ""Negative"".",Samsung note 3 neo ok,Positive
task761_app_review_classification,Sentiment Analysis,task761-aff9583a74894262a204bf69df4961aa,"In this task, you are given an app review. Your task is to identify whether its sentiment is ""Positive"" or ""Negative"".",It doesn't display electric current  but another app does...,Negative
task761_app_review_classification,Sentiment Analysis,task761-f0bddd137bb14be8814f615042664537,"In this task, you are given an app review. Your task is to identify whether its sentiment is ""Positive"" or ""Negative"".",NYC app Used various app for speaking notification but this is the best in the slot and most reliable,Positive
task761_app_review_classification,Sentiment Analysis,task761-33de51787c924f3fa3e2f6fa2f25ccba,"In this task, you are given an app review. Your task is to identify whether its sentiment is ""Positive"" or ""Negative"".",Shows up in Widget list  but can't add it to a home screen. Using a Nexus 5 on Marshmallow (Android 6.0).,Negative
task761_app_review_classification,Sentiment Analysis,task761-0b2c488e09fb4e4eb0fcf83681fd8705,"In this task, you are given an app review. Your task is to identify whether its sentiment is ""Positive"" or ""Negative"".",A God send! Awful interference problem with my 868MHz central heating system. 20min with this app and an rtlsdr dongle tracked the problem to an old controller with a near flat battery transmitting a continuous unmodulated carrier.,Positive
task761_app_review_classification,Sentiment Analysis,task761-9c32b931f4414440aa06f9357df81274,"In this task, you are given an app review. Your task is to identify whether its sentiment is ""Positive"" or ""Negative"".",Crashes with in 10 seconds I cant even use this for more then 15 seconds,Negative
task761_app_review_classification,Sentiment Analysis,task761-0073c6cb98644f4a9ffbbc5c4dfac75d,"In this task, you are given an app review. Your task is to identify whether its sentiment is ""Positive"" or ""Negative"".",Not working on samsung note 2 and note 3,Negative
task761_app_review_classification,Sentiment Analysis,task761-3af5bea29e424ebc95ba5399aa27206b,"In this task, you are given an app review. Your task is to identify whether its sentiment is ""Positive"" or ""Negative"".",doesn't support oneplus one,Negative
task761_app_review_classification,Sentiment Analysis,task761-f8016e1bf4c24d2ea9591b170cb85812,"In this task, you are given an app review. Your task is to identify whether its sentiment is ""Positive"" or ""Negative"".",Crap! Doesnt even work!,Negative
task761_app_review_classification,Sentiment Analysis,task761-5b92b18bfb18424f92735214b6a4d457,"In this task, you are given an app review. Your task is to identify whether its sentiment is ""Positive"" or ""Negative"".",Ine Good,Positive
task761_app_review_classification,Sentiment Analysis,task761-013e57b3e94d4ac7aa32362b70277831,"In this task, you are given an app review. Your task is to identify whether its sentiment is ""Positive"" or ""Negative"".",Awesome and epic This application is awesome. This worked with my USB dongle.,Positive
task761_app_review_classification,Sentiment Analysis,task761-51dd028e3732433da9cb3d63891b0c91,"In this task, you are given an app review. Your task is to identify whether its sentiment is ""Positive"" or ""Negative"".",Difficult to use. Plz make it simple,Negative
task761_app_review_classification,Sentiment Analysis,task761-9759c4e1c2b24ce280d20d2fa7fbe9a4,"In this task, you are given an app review. Your task is to identify whether its sentiment is ""Positive"" or ""Negative"".",Works great with rtl Sdr and HTC one x Thanks very much.,Positive
task761_app_review_classification,Sentiment Analysis,task761-c4ecf7bcbd104bbfa006e20d49673170,"In this task, you are given an app review. Your task is to identify whether its sentiment is ""Positive"" or ""Negative"".",Excellent app Exactly what I needed for my phone. Excuse me please  I have one problem and that is with the volume. It is very low when analyzing.,Positive
task761_app_review_classification,Sentiment Analysis,task761-c2cf5b167eb8432091b431d0d29303e4,"In this task, you are given an app review. Your task is to identify whether its sentiment is ""Positive"" or ""Negative"".",Doesn't work on Samsung galaxy s3 I heard great things about this and how it could help me calibrate my battery.. It doesn't work at all.. No widget  no nothing..,Negative
task761_app_review_classification,Sentiment Analysis,task761-8dc2e98df9c74fe28ed049995b1c75dd,"In this task, you are given an app review. Your task is to identify whether its sentiment is ""Positive"" or ""Negative"".",Does nothing,Negative
task761_app_review_classification,Sentiment Analysis,task761-bce3a7f234c54fb3893add98dc468cc4,"In this task, you are given an app review. Your task is to identify whether its sentiment is ""Positive"" or ""Negative"".",Fake? It's always shows around 800mA  changes value on refresh. Just noticed today it shows the same value when not plugged into charger.,Negative
task761_app_review_classification,Sentiment Analysis,task761-3280a877053a4dcf8f876cd0c6e68b61,"In this task, you are given an app review. Your task is to identify whether its sentiment is ""Positive"" or ""Negative"".",Does not work Did not work with my rtl-sdr,Negative
task761_app_review_classification,Sentiment Analysis,task761-88ca2f3bcc4646679efec983866a93e7,"In this task, you are given an app review. Your task is to identify whether its sentiment is ""Positive"" or ""Negative"".",Have used it for years Simple and does the job  ad free too. Made a small donation. Would love an update that allows reading of caller names/numbers.,Positive
task761_app_review_classification,Sentiment Analysis,task761-602802447eb9481d9016d91aee0e9383,"In this task, you are given an app review. Your task is to identify whether its sentiment is ""Positive"" or ""Negative"".",Nothing Shows nothing for ma.,Negative
task761_app_review_classification,Sentiment Analysis,task761-b66e64b032b04d38809b1d6798dbd173,"In this task, you are given an app review. Your task is to identify whether its sentiment is ""Positive"" or ""Negative"".",Suspicious access Why require access to media?,Negative
task761_app_review_classification,Sentiment Analysis,task761-5d3c681e9ed24e07be43127ddf18e82b,"In this task, you are given an app review. Your task is to identify whether its sentiment is ""Positive"" or ""Negative"".",I would love if you can incorporated call announcer into it.,Positive
task761_app_review_classification,Sentiment Analysis,task761-d904b884c1794c8dacbec2f38b6209ab,"In this task, you are given an app review. Your task is to identify whether its sentiment is ""Positive"" or ""Negative"".",No longer works Used to be the best notification reader  but it has stopped reading notifications...,Negative
task761_app_review_classification,Sentiment Analysis,task761-b0cf7e7ff5f44a119b39ca647188e35f,"In this task, you are given an app review. Your task is to identify whether its sentiment is ""Positive"" or ""Negative"".",Fantastic app! I highly recommend it! 'Voice Notify' is an essential app for anyone  but especially useful for someone such as myself who has dexterity difficulties  also has a SCI & is a fulltime wheelchair user. I do not have to look at my phone to know what is happening. VN is very customisable  eg  you can stop some FB group messages by putting the group name or a word in the 'ignored text' option in VN settings. Wish 'Email' said who was sending the emails like 'Gmail' does. Unfortunately on my new Note4  VN keeps being 'disabled'!?! Such a pain for an essential app! ?,Positive
task761_app_review_classification,Sentiment Analysis,task761-92c17b8a68994af899b17eb8ed081702,"In this task, you are given an app review. Your task is to identify whether its sentiment is ""Positive"" or ""Negative"".",Great app Very small in size and very reliable,Positive
task761_app_review_classification,Sentiment Analysis,task761-cb7f69f1ac3449008c251842ac999731,"In this task, you are given an app review. Your task is to identify whether its sentiment is ""Positive"" or ""Negative"".",IPhone Works great on my Samsung wish you made it for iphone,Positive
task761_app_review_classification,Sentiment Analysis,task761-3f5ecbac8453494c87a2cfc4119cb5c4,"In this task, you are given an app review. Your task is to identify whether its sentiment is ""Positive"" or ""Negative"".",Amazing Love the added demos now. Using mine with hackrf. Also tested with RTL. Both work perfectly! Thanks for a great implementation.,Positive
task761_app_review_classification,Sentiment Analysis,task761-2842f645668f4f9d919fb37bd845bf92,"In this task, you are given an app review. Your task is to identify whether its sentiment is ""Positive"" or ""Negative"".",Useless. Any charger connected gives 1mA.,Negative
task761_app_review_classification,Sentiment Analysis,task761-09af11cd533440da8fda3357a38e3072,"In this task, you are given an app review. Your task is to identify whether its sentiment is ""Positive"" or ""Negative"".",Doesn't work I installed in my Xperia L and it doesn't work at all,Negative
task761_app_review_classification,Sentiment Analysis,task761-afe37a0897914c6399837f0d16a9469e,"In this task, you are given an app review. Your task is to identify whether its sentiment is ""Positive"" or ""Negative"".",Doesn't work on S5 This worked great on my S4  switched to S5 and it won't show the mA anymore. Please work on a fix,Negative
task761_app_review_classification,Sentiment Analysis,task761-7af1625a3ed64458b275723b3cddaf4c,"In this task, you are given an app review. Your task is to identify whether its sentiment is ""Positive"" or ""Negative"".",Horrible App Please do not download this app. I have downloaded it and my phone refuses to work. I cant slide and cannot cannot uninstall either. Request someone to tell me how to uninstall this app as it refuses to allow me to go to the settings to uninstall. PLZ HELP.,Negative
task761_app_review_classification,Sentiment Analysis,task761-a85c3c19aec34b99ae7ed84fdcb5b003,"In this task, you are given an app review. Your task is to identify whether its sentiment is ""Positive"" or ""Negative"".",Wonderful IRC client that connects to my server.,Positive
task761_app_review_classification,Sentiment Analysis,task761-5d9af9e1e60243ada9c6674be5be8eaa,"In this task, you are given an app review. Your task is to identify whether its sentiment is ""Positive"" or ""Negative"".",Cannot put widget on home screen! Galaxy Tab 2,Negative
task761_app_review_classification,Sentiment Analysis,task761-679e4120c6464de1a3e83933e0ce39a8,"In this task, you are given an app review. Your task is to identify whether its sentiment is ""Positive"" or ""Negative"".",Did not work Read 0 mA even when I plugged my phone in... I'm using in on a Galaxy S6,Negative
task761_app_review_classification,Sentiment Analysis,task761-30db247d0aa649ac980f2ef95e0c7496,"In this task, you are given an app review. Your task is to identify whether its sentiment is ""Positive"" or ""Negative"".",Doesnt work on samsung,Negative
task761_app_review_classification,Sentiment Analysis,task761-04bbdb79b94e46cbb5d1cea9b4d51818,"In this task, you are given an app review. Your task is to identify whether its sentiment is ""Positive"" or ""Negative"".",Not user friendly,Negative
task761_app_review_classification,Sentiment Analysis,task761-be75abcead514c1795eaaf7bb01bef65,"In this task, you are given an app review. Your task is to identify whether its sentiment is ""Positive"" or ""Negative"".",Note 4 Does not function  show incorrect voltage and says charging at 1mA when connected to a 2000mA charger,Negative
task761_app_review_classification,Sentiment Analysis,task761-f0886b27e2be4b25bdefe7698f2e2a9c,"In this task, you are given an app review. Your task is to identify whether its sentiment is ""Positive"" or ""Negative"".",Great logging app Very helpful finding issues within apps or the OS or even extra mods! Props,Positive
task761_app_review_classification,Sentiment Analysis,task761-c53548b8bd9249c488935b619b868f7e,"In this task, you are given an app review. Your task is to identify whether its sentiment is ""Positive"" or ""Negative"".",Awesome app Just what I've been looking for.,Positive
task761_app_review_classification,Sentiment Analysis,task761-ac5960ce911f45248ec59005aa238e3b,"In this task, you are given an app review. Your task is to identify whether its sentiment is ""Positive"" or ""Negative"".",Worthless just shows setting and nothing else on Samsung S5,Negative
task761_app_review_classification,Sentiment Analysis,task761-e25c57ac3501458c91e6f2a57ff64a79,"In this task, you are given an app review. Your task is to identify whether its sentiment is ""Positive"" or ""Negative"".",Not staying on home screen Trying to add the widget on my home screen. I own a sony xperia z ultra. I try placing the widget on my home screen  the options show up but when i press the home screen button the widget does not show up. Is my phone not compatible?,Negative
task761_app_review_classification,Sentiment Analysis,task761-6177e6d7b8fd43629c14bda82d90c268,"In this task, you are given an app review. Your task is to identify whether its sentiment is ""Positive"" or ""Negative"".",Don't worked,Negative
task761_app_review_classification,Sentiment Analysis,task761-c77a98beea0c4cb481a2c47582cf67e1,"In this task, you are given an app review. Your task is to identify whether its sentiment is ""Positive"" or ""Negative"".",Nexus 10 works well Great app  works well on my Nexus 10.,Positive
task761_app_review_classification,Sentiment Analysis,task761-91843f3617b54ab7a68d9f932be093ed,"In this task, you are given an app review. Your task is to identify whether its sentiment is ""Positive"" or ""Negative"".",The most fun you can have with a dongle ;-) Works perfectly with my Oneplus One and a generic RTL-SDR dongle. Well worth paying a few pence for to support the author.,Positive
task761_app_review_classification,Sentiment Analysis,task761-69f54e7612cd4bf2ae75a61ffb0dc1b4,"In this task, you are given an app review. Your task is to identify whether its sentiment is ""Positive"" or ""Negative"".",Best of logcat Not Working on MM. Please fix this. Thanks..,Positive
task761_app_review_classification,Sentiment Analysis,task761-b448873b149247b28e470a76b8c4f803,"In this task, you are given an app review. Your task is to identify whether its sentiment is ""Positive"" or ""Negative"".",Shown only settings... It's fake... Cheating,Negative
task761_app_review_classification,Sentiment Analysis,task761-1556e647347842b981ce309222bcf38e,"In this task, you are given an app review. Your task is to identify whether its sentiment is ""Positive"" or ""Negative"".",Very nice app,Positive
task761_app_review_classification,Sentiment Analysis,task761-a59fd6ff315c4dffb6552ca221de87b1,"In this task, you are given an app review. Your task is to identify whether its sentiment is ""Positive"" or ""Negative"".",Not working with lollipop in nexus 5. Use to work before lollipop please fix and get 5 stars,Negative
task761_app_review_classification,Sentiment Analysis,task761-0210ce3bf9da42b78654507b9646aa0a,"In this task, you are given an app review. Your task is to identify whether its sentiment is ""Positive"" or ""Negative"".",Doesn't work Does not work on my oneplus one,Negative
task761_app_review_classification,Sentiment Analysis,task761-823a883bc5d14357a4221a96a6fb763b,"In this task, you are given an app review. Your task is to identify whether its sentiment is ""Positive"" or ""Negative"".",Great app! Works really well with Galaxy note 5,Positive
